SUPPLIER,ITEM TYPE,TOTAL_SALES,RETAIL_SALES,WAREHOUSE_SALES
CROWN IMPORTS,BEER,1732242.17,84437.66,1647804.51
MILLER BREWING COMPANY,BEER,1490222.95,86905.24,1403317.71
ANHEUSER BUSCH INC,BEER,1455092.84,105040.35,1350052.49
HEINEKEN USA,BEER,880543.84,55287.13,825256.71
E & J GALLO WINERY,WINE,329413.16,134166.13,195247.03
CONSTELLATION BRANDS,WINE,227257.03,108269.35,118987.68
BOSTON BEER CORPORATION,BEER,223915.95,39958.56,183957.39
DIAGEO NORTH AMERICA INC,BEER,180719.11,25265.08,155454.03
FLYING DOG BREWERY LLLP,BEER,149860.8,26333.56,123527.24
YUENGLING BREWERY,BEER,149195.56,23027.7,126167.86
THE WINE GROUP,WINE,136432.96,64233.39,72199.57
DIAGEO NORTH AMERICA INC,LIQUOR,126864.0,118803.15,8060.85
PABST BREWING CO,BEER,123338.22,9980.1,113358.12
JIM BEAM BRANDS CO,LIQUOR,103727.81,95880.84,7846.97
LEGENDS LTD,BEER,100486.34,8888.36,91597.98
SUTTER HOME WINERY INC,WINE,90642.51,27369.78,63272.73
SAZERAC CO,LIQUOR,85618.56,68830.19,16788.37
MARK ANTHONY BRANDS INC,BEER,76320.20999999999,10531.31,65788.9
SIERRA NEVADA BREWING CO,BEER,73732.36,11373.72,62358.64
TREASURY WINE ESTATES AMERICAS COMPANY,WINE,68223.69,35988.49,32235.2
BACARDI USA INC,LIQUOR,67504.97,59404.47,8100.5
DEUTSCH FAMILY WINE & SPIRITS,WINE,66067.04,30462.24,35604.8
HEAVEN HILL DISTILLERIES INC,LIQUOR,61334.57,53723.39,7611.18
DELICATO FAMILY VINEYARDS,WINE,61194.84,37781.29,23413.55
JACKSON FAMILY ENTERPRISES INC,WINE,60524.36,28761.5,31762.86
PERNOD RICARD USA LLC,LIQUOR,58243.62,51482.37,6761.25
REPUBLIC NATIONAL DISTRIBUTING CO,WINE,52621.22,15371.79,37249.43
SOUTHERN GLAZERS WINE AND SPIRITS,WINE,51187.74,13302.35,37885.39
FIFTH GENERATION INC,LIQUOR,49647.32,42628.73,7018.59
BUCK DISTRIBUTING COMPANY INC,BEER,49470.63,9128.82,40341.81
BROWN-FORMAN BEVERAGES WORLDWIDE,LIQUOR,49222.74,44371.8,4850.94
"THE COUNTRY VINTNER, LLC DBA WINEBOW",WINE,46743.56,5344.98,41398.58
DOGFISH HEAD CRAFT BREWERY LLC,BEER,44921.07,9270.53,35650.54
A VINTNERS SELECTIONS,WINE,42702.95,8350.8,34352.15
NEW BELGIUM BREWING INC,BEER,41698.1,9486.03,32212.07
STE MICHELLE WINE ESTATES,WINE,35803.05,19489.079999999998,16313.97
E & J GALLO WINERY,LIQUOR,34191.63,31959.88,2231.75
ANHEUSER BUSCH INC,KEGS,33065.0,0.0,33065.0
FETZER VINEYARDS,WINE,32649.15,13858.45,18790.7
REPUBLIC NATIONAL DISTRIBUTING CO,BEER,32158.61,4484.95,27673.66
WILLIAM GRANT AND SONS INC,LIQUOR,31337.75,29245.25,2092.5
PROXIMO SPIRITS INC,LIQUOR,31139.84,29747.02,1392.82
MONSIEUR TOUTON SELECTION,WINE,28991.14,4763.86,24227.28
DOGFISH HEAD CRAFT BREWERY,BEER,28912.47,5722.23,23190.24
CAMPARI AMERICA LLC,LIQUOR,28588.3,26209.55,2378.75
CLIPPER CITY BREWING CO,BEER,27019.48,6057.68,20961.8
CONSTANTINE WINES INC,WINE,26320.58,4798.49,21522.09
DC BRAU BREWING LLC,BEER,25581.41,5768.81,19812.6
LABATT USA OPERATING CO LLC,BEER,24717.23,4831.65,19885.58
CONSTELLATION BRANDS,LIQUOR,23808.13,23395.3,412.83
BACCHUS IMPORTERS LTD,WINE,23797.7,5437.78,18359.92
MILLER BREWING COMPANY,KEGS,21793.0,0.0,21793.0
KYSELA PERE ET FILS LTD,WINE,21373.03,6481.24,14891.79
ANHEUSER BUSCH INC,NON-ALCOHOL,21051.98,4908.22,16143.76
SOUTHERN GLAZERS WINE AND SPIRITS,LIQUOR,19197.49,15974.41,3223.08
PALM BAY IMPORTS,WINE,18528.18,8315.83,10212.35
MOET HENNESSY USA,LIQUOR,18264.21,15942.37,2321.84
DELMAR BREWING COMPANY LLC,BEER,17036.67,2850.0,14186.67
EXCELSIOR WINE COMPANY LLC,WINE,16934.170000000002,7276.12,9658.05
RELIABLE CHURCHILL LLLP,WINE,16563.53,6174.77,10388.76
OPICI FAMILY DISTRIBUTING OF MD,WINE,15436.44,1410.25,14026.19
ROYAL WINE CORP,WINE,14467.710000000001,3823.91,10643.8
BANFI PRODUCTS CORP,WINE,14032.33,8462.08,5570.25
DOPS INC,BEER,13787.82,1320.41,12467.41
RELIABLE CHURCHILL LLLP,LIQUOR,13280.06,11712.73,1567.33
PUNTO VINO LLC,WINE,13148.94,468.0,12680.94
BROWN-FORMAN BEVERAGES WORLDWIDE,WINE,13019.74,6288.32,6731.42
MOET HENNESSY USA,WINE,12717.43,8075.35,4642.08
LAPHAM SALES & MARKETING DBA LAPHAM,WINE,12511.22,6205.79,6305.43
TRI-VIN IMPORTS,WINE,12220.22,3254.15,8966.07
PWSWN INC,WINE,12187.2,634.01,11553.19
FRANCIS COPPOLA WINERY LLC,WINE,12113.72,7914.94,4198.78
LUNEAU USA INC,WINE,12095.89,5242.94,6852.95
ELITE WINES IMPORTS,WINE,10905.89,609.28,10296.61
GRAPES OF SPAIN INC,WINE,10633.01,1015.91,9617.1
KOBRAND CORPORATION,WINE,10486.57,6877.98,3608.59
LANTERNA DISTRIBUTORS INC,WINE,10356.31,584.02,9772.29
DIONYSOS IMPORTS INC,WINE,10313.86,1045.34,9268.52
REMY COINTREAU USA,LIQUOR,10069.05,9341.210000000001,727.84
PERNOD RICARD USA LLC,WINE,10024.68,6272.66,3752.02
KATCEF BROTHERS INC,BEER,9829.44,1231.11,8598.33
GAMBRINUS,BEER,9788.62,1785.45,8003.17
J LOHR WINERY,WINE,9778.78,6016.45,3762.33
BACARDI USA INC,WINE,9058.73,7107.66,1951.07
PRESTIGE BEVERAGE GROUP OF MD LLC,WINE,8771.41,2379.51,6391.9
DMV DISTRIBUTING LLC,WINE,8388.41,1769.13,6619.28
BARON FRANCOIS LTD,WINE,8338.13,4400.86,3937.27
ARTISANS & VINES LLC,WINE,7982.7,121.08,7861.62
YUENGLING BREWERY,KEGS,7982.0,0.0,7982.0
AMERICAN BEVERAGE MARKETERS,NON-ALCOHOL,7762.4,6677.4,1085.0
BOSTON BEER CORPORATION,KEGS,7656.0,0.0,7656.0
FREIXENET USA,WINE,7468.66,4312.82,3155.84
CASTLE BRANDS USA CORP,NON-ALCOHOL,7276.179999999999,4618.18,2658.0
VICTORY BREWING COMPANY LLC,BEER,7229.04,960.33,6268.71
MASS BAY BREWING CO,BEER,6868.22,1303.97,5564.25
NEXTERRA WINE COMPANY,WINE,6700.67,0.0,6700.67
THREE STARS BREWING COMPANY LLC,BEER,6669.95,601.75,6068.2
ST KILLIAN IMPORTING CO INC,BEER,6546.2,1629.41,4916.79
TROEGS BREWING COMPANY,BEER,6470.16,1515.91,4954.25
BACKUP BEVERAGE,BEER,6427.06,68.92,6358.14
NORTH LOCK LLC DBA PORT CITY BREWING CO,BEER,6420.01,1777.76,4642.25
COASTAL BREWING COMPANY LLC,BEER,6380.44,701.44,5679.0
LUXCO SPIRITED BRANDS,LIQUOR,6319.52,5686.52,633.0
DIAGEO NORTH AMERICA INC,KEGS,6217.0,0.0,6217.0
DEUTSCH FAMILY WINE & SPIRITS,LIQUOR,6207.34,6085.34,122.0
SURVILLE ENTERPRISES CORP,WINE,6059.78,3298.19,2761.59
REPUBLIC NATIONAL DISTRIBUTING CO,LIQUOR,6027.35,5276.51,750.84
MHW LTD,WINE,6025.67,3320.58,2705.09
THE EDRINGTON GROUP USA LLC,LIQUOR,5949.17,5781.33,167.84
STOLI GROUP (USA) LLC,LIQUOR,5921.1,5394.6,526.5
QUINTESSENTIAL LLC,WINE,5845.18,2631.08,3214.1
LEGENDS LTD,KEGS,5533.0,0.0,5533.0
INTERBALT PRODUCTS CORP,WINE,5435.91,259.32,5176.59
DUCKHORN WINE COMPANY,WINE,5334.82,2879.9,2454.92
MHW LTD,BEER,5302.81,1457.31,3845.5
ALLAGASH BREWING COMPANY,BEER,5287.88,751.34,4536.54
YOUNG WON TRADING INC,WINE,5121.12,812.98,4308.14
HOME BREW MART INC,BEER,5053.68,1215.97,3837.71
WARSTEINER IMPORTERS,BEER,4944.08,1189.08,3755.0
UNITED STATES DISTILLED PRODUCTS,WINE,4920.65,3196.24,1724.41
CASTLE BRANDS USA CORP,LIQUOR,4865.78,4653.86,211.92
THE BROOKLYN BREWERY CORPORATION,BEER,4824.9,1148.94,3675.96
FLYING DOG BREWERY LLLP,KEGS,4794.0,0.0,4794.0
NEW PARROTT & CO,WINE,4742.16,3564.16,1178.0
ATLAS BREW WORKS LLC,BEER,4586.8,701.63,3885.17
JACK POUST & COMPANY INC,WINE,4579.35,3513.53,1065.82
ASAHI BEER USA INC,BEER,4492.54,540.37,3952.17
PATERNO IMPORTS LTD,WINE,4477.92,2703.08,1774.84
BACCHUS IMPORTERS LTD,LIQUOR,4280.65,3393.65,887.0
JOS VICTORI WINES,WINE,4241.76,686.14,3555.62
SINGHA NORTH AMERICA INC,BEER,4226.36,727.06,3499.3
SALVETO IMPORTS LLC,WINE,4142.52,44.92,4097.6
CROWN IMPORTS,KEGS,4067.0,0.0,4067.0
KLEIN FAMILY VINTNERS,WINE,4025.16,3168.24,856.92
C MONDAVI & SONS,WINE,3957.81,1762.49,2195.32
PRESTIGE BEVERAGE GROUP OF MD LLC,LIQUOR,3686.48,2578.56,1107.92
IMPERO WINE DISTRIBUTORS VIRGINIA INC,WINE,3606.34,4.78,3601.56
DOPS INC,WINE,3602.2400000000002,292.77,3309.47
YOUNG WON TRADING INC,LIQUOR,3593.81,2438.96,1154.85
SANTA MARGHERITA USA INC,WINE,3499.3199999999997,1965.4,1533.92
EASTERN LIQUOR DISTRIBUTORS INC,LIQUOR,3481.94,2163.99,1317.95
BOLD ROCK PARTNERS LP,BEER,3477.74,602.91,2874.83
BANVILLE & JONES WINE MERCHANTS,WINE,3470.77,268.6,3202.17
BRONCO WINE COMPANY,WINE,3405.2599999999998,1151.35,2253.91
AREL GROUP WINE & SPIRITS,WINE,3299.06,1098.39,2200.67
VERMONT HARD CIDER COMPANY LLC,BEER,3136.21,314.71,2821.5
DOGFISH HEAD CRAFT BREWERY LLC,KEGS,3116.0,0.0,3116.0
RELIABLE CHURCHILL LLLP,BEER,3113.41,281.74,2831.67
FREIXENET MIONETTO USA INC,WINE,3028.57,1653.57,1375.0
CABERNET CORPORATION,WINE,3005.27,660.84,2344.43
SCHMITT SOHNE INC,WINE,2882.7599999999998,1721.84,1160.92
SOUTHERN GLAZERS WINE AND SPIRITS,NON-ALCOHOL,2882.34,2518.34,364.0
HEINEKEN USA,NON-ALCOHOL,2827.53,844.78,1982.75
DIONYSOS IMPORTS INC,BEER,2814.14,47.25,2766.89
PROXIMO SPIRITS INC,NON-ALCOHOL,2711.0299999999997,2616.0299999999997,95.0
DESCHUTES BREWERY INC,BEER,2676.31,688.81,1987.5
HEINEKEN USA,KEGS,2656.0,0.0,2656.0
FREDERICK WILDMAN & SONS,WINE,2648.55,1244.72,1403.83
DOGFISH HEAD CRAFT BREWERY,KEGS,2637.0,0.0,2637.0
MAST-JAEGERMEISTER US INC,LIQUOR,2634.76,2264.76,370.0
SAN ANTONIO WINERY INC,WINE,2629.5,1426.5,1203.0
PRESTIGE WINE IMPORTS,WINE,2601.44,1458.95,1142.49
RELIABLE CHURCHILL LLLP,NON-ALCOHOL,2459.36,1008.36,1451.0
STARR HILL BREWERY LLC,BEER,2440.82,288.07,2152.75
SWEETWATER BREWING COMPANY LLC,BEER,2434.02,509.77,1924.25
GRAPES & BARLEY LLC,WINE,2399.67,119.25,2280.42
CLIPPER CITY BREWING CO,KEGS,2373.0,0.0,2373.0
VIGNOBLES LVDH USA INC,WINE,2337.94,431.35,1906.59
MONTEBELLO BRANDS INC,LIQUOR,2332.93,2219.93,113.0
THE HESS COLLECTION,WINE,2281.19,1157.44,1123.75
Default,STR_SUPPLIES,2234.9,2234.9,0.0
TERRAPIN BEER COMPANY,BEER,2125.24,557.99,1567.25
DUCLAW BREWERY LLC,BEER,2113.42,572.42,1541.0
DIAGEO NORTH AMERICA INC,NON-ALCOHOL,2098.29,1263.04,835.25
DUVEL MOORTGAT USA LTD,BEER,2070.99,287.03,1783.96
RUTHERFORD WINE COMPANY,WINE,2049.52,85.67999999999999,1963.84
LCF WINE COMPANY LLC,WINE,2043.11,25.35,2017.76
A VINTNERS SELECTIONS,LIQUOR,2016.82,1122.66,894.16
WELL OILED WINE COMPANY LLC,WINE,2008.73,867.89,1140.84
DUGGANS DISTILLERS PROD,LIQUOR,2002.53,1988.53,14.0
ONE TRUE VINE,WINE,1968.11,1096.19,871.92
MICHAEL R DOWNEY SELECTIONS INC,WINE,1892.3700000000001,358.13,1534.24
DELMAR BREWING COMPANY LLC,KEGS,1869.0,0.0,1869.0
SIERRA NEVADA BREWING CO,KEGS,1817.0,0.0,1817.0
TRADEWINDS SPECIALTY IMPORTS LLC,WINE,1776.17,16.39,1759.78
INTERBALT PRODUCTS CORP,BEER,1769.13,7.66,1761.47
YOUNG WON TRADING INC,BEER,1765.58,137.62,1627.96
GLOBAL OCEAN AND AIR CARGO SERVICES,BEER,1732.7,237.94,1494.76
VINTAGE WINE ESTATES INC,WINE,1691.72,969.72,722.0
THE TRITON COLLECTION INC,WINE,1685.31,135.29,1550.02
DON SEBASTIANI & SONS,WINE,1682.1200000000001,715.37,966.75
WI INC,WINE,1681.76,433.0,1248.76
NEW BELGIUM BREWING INC,KEGS,1641.0,0.0,1641.0
DC BRAU BREWING LLC,KEGS,1587.0,0.0,1587.0
BROWN-FORMAN BEVERAGES WORLDWIDE,BEER,1579.92,218.67,1361.25
DISARONNO INTERNATIONAL LLC,LIQUOR,1569.92,1501.92,68.0
OPICI FAMILY DISTRIBUTING OF MD,LIQUOR,1559.24,1236.24,323.0
NARRAGANSETT BREWING COMPANY,BEER,1520.67,15.25,1505.42
SAZERAC CO,NON-ALCOHOL,1512.22,1468.22,44.0
FOLEY FAMILY WINES INC,WINE,1508.85,1013.85,495.0
COPPER CANE LLC,WINE,1469.48,662.48,807.0
UNITED STATES DISTILLED PRODUCTS,LIQUOR,1436.73,1412.73,24.0
MHW LTD,LIQUOR,1414.24,896.24,518.0
KING ESTATE WINERY,WINE,1340.59,811.59,529.0
WINE BRIDGE IMPORTS INC,WINE,1280.04,285.37,994.67
PARK STREET IMPORTS LLC,LIQUOR,1233.54,1149.71,83.83
BINDING BRAUEREI USA INC,BEER,1206.51,99.92999999999999,1106.58
WESTERN SPIRITS BEVERAGE COMPANY LLC,LIQUOR,1176.73,1162.73,14.0
BUCK DISTRIBUTING COMPANY INC,KEGS,1160.0,0.0,1160.0
NICHE IMPORTERS,WINE,1158.28,662.78,495.5
"THE COUNTRY VINTNER, LLC DBA WINEBOW",LIQUOR,1155.57,726.74,428.83
INFINIUM SPIRITS INC,LIQUOR,1147.75,1106.75,41.0
RUSSIAN STANDARD VODKA (USA) INC,LIQUOR,1135.07,1096.07,39.0
ALLAGASH BREWING COMPANY,KEGS,1128.0,0.0,1128.0
INTERNATIONAL CELLARS LLC,WINE,1022.46,31.46,991.0
HUB WINE CORPORATION,WINE,1021.58,9.58,1012.0
O'NEILL BEVERAGES CO LLC,WINE,1009.8000000000001,286.96,722.84
ST RICE WINE INC,WINE,1007.6800000000001,103.67999999999999,904.0
REPUBLIC NATIONAL DISTRIBUTING CO,NON-ALCOHOL,1005.58,497.58,508.0
LAPHAM SALES & MARKETING DBA LAPHAM,LIQUOR,975.91,965.91,10.0
WAGNER WINE COMPANY LLC,WINE,974.09,424.17,549.92
AMERICAN BEVERAGE CORPORATION,BEER,950.52,619.52,331.0
NEGUS BREWING COMPANY LLC,BEER,937.38,122.63,814.75
MACCHU PISCO LLC,LIQUOR,935.08,484.08,451.0
PIPE CREEK WINES LLC,WINE,918.03,253.10999999999999,664.92
GLOBAL OCEAN AND AIR CARGO SERVICES,WINE,914.9499999999999,220.95000000000002,694.0
UNITED STATES BEVERAGE,BEER,907.99,164.24,743.75
SERRALLES USA LLC,LIQUOR,907.0,788.0,119.0
SAGAMORE WHISKEY LLC,LIQUOR,903.85,813.85,90.0
LUXCO SPIRITED BRANDS,WINE,895.22,583.05,312.17
BBL INC,BEER,892.48,33.65,858.83
EASTERN LIQUOR DISTRIBUTORS INC,BEER,888.32,143.65,744.67
E M D SALES INC,BEER,884.5,19.5,865.0
SLIGO MILL BREWING LLC,BEER,882.39,876.39,6.0
ROOTS RUN DEEP LLC,WINE,862.11,422.19,439.92
OSLO ENTERPRISE,WINE,852.62,96.78999999999999,755.83
FREE RUN WINE MERCHANTS LLC,WINE,850.88,1.96,848.92
CHEVAL QUANCARD,WINE,849.85,835.85,14.0
FERRARI CARANO WINERY,WINE,837.05,492.05,345.0
STEFANO INCORPORATED,LIQUOR,828.18,756.18,72.0
PABST BREWING CO,KEGS,814.0,0.0,814.0
TAP26MD LLC,WINE,799.0,0.0,799.0
FIVE GRAPES LLC,WINE,797.89,57.05,740.84
MACK & SCHUHLE INC,WINE,775.78,10.78,765.0
CHARLES JACQUIN ET CIE INC,LIQUOR,752.15,752.15,0.0
BACKUP BEVERAGE,KEGS,711.0,0.0,711.0
HONIG VINEYARD AND WINERY,WINE,709.97,254.97,455.0
CITIZENS BREWING LLC,BEER,692.95,692.95,0.0
TRICANA SHIPPERS & IMPORT,WINE,672.78,180.45,492.33
POTOMAC SELECTIONS INC,WINE,669.2,260.2,409.0
Default,REF,663.71,663.71,0.0
GOOSE RIDGE LLC,WINE,656.1,11.1,645.0
PARK STREET IMPORTS LLC,WINE,653.45,457.53000000000003,195.92
NORTH LOCK LLC DBA PORT CITY BREWING CO,KEGS,649.0,0.0,649.0
PHILLIPS FARMS LLC,WINE,622.93,286.17,336.76
HEAVEN HILL DISTILLERIES INC,WINE,619.96,523.96,96.0
ROBERT OATLEY VINEYARDS INC,WINE,609.77,55.18,554.59
WASHBURN WINE CO,BEER,607.45,38.04,569.41
KYSELA PERE ET FILS LTD,BEER,600.83,34.04,566.79
TESTA WINES OF THE WORLD LTD,WINE,593.71,84.88,508.83
LEGENDS LTD,NON-ALCOHOL,584.16,47.16,537.0
CRAFT WINE & SPIRITS OF MARYLAND LLC,LIQUOR,580.98,514.98,66.0
LEGENDS LTD,WINE,556.22,109.97,446.25
DOGFISH HEAD CRAFT BREWERY LLC,LIQUOR,549.01,477.01,72.0
THE WINE SOURCE INC,WINE,545.89,1.8900000000000001,544.0
MILLER BREWING COMPANY,NON-ALCOHOL,545.7,208.2,337.5
RVWC LLC,WINE,524.8,2.9699999999999998,521.83
THE SPANISH WINE IMPORTERS LLC,WINE,522.99,19.990000000000002,503.0
BASQUE BAR LLC,BEER,515.75,0.0,515.75
COASTAL BREWING COMPANY LLC,KEGS,511.0,0.0,511.0
OREGON BREWING COMPANY,BEER,508.99,91.49,417.5
BOORDY VINEYARDS,WINE,501.49,327.57,173.92
LATITUDE BEVERAGE COMPANY,WINE,482.55,22.55,460.0
ELK RUN VINEYARDS,WINE,481.43,270.76,210.67
FREDERICK P WINNER LTD,BEER,478.5,123.54,354.96
DOPS INC,KEGS,476.0,0.0,476.0
DUGGANS DISTILLERS PROD,WINE,461.01,34.26,426.75
ROYAL WINE CORP,LIQUOR,445.8,444.8,1.0
WASHBURN WINE CO,KEGS,436.0,0.0,436.0
E M D SALES INC,WINE,427.92,57.09,370.83
BARON FRANCOIS LTD,LIQUOR,426.72,405.72,21.0
SCHUG CARNEROS ESTATE WINERY,WINE,426.27,105.27,321.0
THREE STARS BREWING COMPANY LLC,KEGS,407.0,0.0,407.0
TREFETHEN VINEYARDS,WINE,402.09,331.09,71.0
DOPS INC,LIQUOR,400.39,369.39,31.0
TRADEWINDS SPECIALTY IMPORTS LLC,BEER,399.0,0.0,399.0
LAIRD AND COMPANY,LIQUOR,387.15999999999997,320.16,67.0
SPAINS BEST BEERS INC,KEGS,380.0,0.0,380.0
WASHBURN WINE CO,WINE,367.26,15.34,351.92
JIM BEAM BRANDS CO,WINE,366.5,264.66,101.84
VIN DIVINO LTD,WINE,361.3,276.3,85.0
AMERICAN FIDELITY TRADING,WINE,358.77,36.85,321.92
JOHN GIVEN WINES INC,WINE,351.90000000000003,174.9,177.0
FX MATT BREWING CO,BEER,345.25,141.25,204.0
REPUBLIC NATIONAL DISTRIBUTING CO,KEGS,343.0,0.0,343.0
HOTALING & CO LLC,LIQUOR,338.02,318.02,20.0
CRAFT BREW ALLIANCE INC,BEER,334.54,34.04,300.5
TRUE RESPITE BREWING COMPANY LLC,BEER,331.06,331.06,0.0
INTERBALT PRODUCTS CORP,LIQUOR,326.14,311.14,15.0
OHMRONE WINE AND LIQUOR LLC,WINE,323.95,5.95,318.0
HARVEST IMPORTING LLC,WINE,318.4,4.4,314.0
JORDAN VINEYARD,WINE,309.37,145.37,164.0
DUCLAW BREWERY LLC,KEGS,308.0,0.0,308.0
LION NATHAN USA INC,WINE,307.2,174.2,133.0
FRUIT OF THE VINES INC,WINE,301.67,271.67,30.0
PLUME RIDGE IRREVOCABLE TRUST,WINE,299.21,12.290000000000001,286.92
MADIDUS LLC,LIQUOR,298.06,294.06,4.0
TREANA WINERY LLC,WINE,295.38,97.38,198.0
KOBRAND CORPORATION,LIQUOR,294.91,292.91,2.0
LEGENDS LTD,LIQUOR,288.23,237.23000000000002,51.0
ST SUPERY INC,WINE,280.38,175.38,105.0
WILSON DANIELS LTD,LIQUOR,277.34,274.34,3.0
STEFANO INCORPORATED,WINE,276.64,70.81,205.83
DISTRICT CIDER COMPANY INC,BEER,273.5,0.0,273.5
RED INK IMPORTS,WINE,261.78,28.95,232.83
IMPERO WINE DISTRIBUTORS,WINE,260.0,0.0,260.0
VINTAGE POINT LLC,WINE,258.46,14.46,244.0
HOME BREW MART INC,KEGS,257.0,0.0,257.0
DIONYSOS IMPORTS INC,LIQUOR,251.78,222.78,29.0
COMETE WINES LLC,WINE,234.63,37.63,197.0
BULLSHINE DISTILLERY LLC,LIQUOR,234.16,233.16,1.0
BOUTIQUE VINEYARDS LLC,WINE,234.04,55.12,178.92
ATLAS BREW WORKS LLC,KEGS,221.0,0.0,221.0
INTERNATIONAL CELLARS LLC,BEER,219.6,6.6,213.0
FRONT PORCH MICRO WINERY LLC,WINE,218.24,190.24,28.0
A I G WINE & SPIRITS,WINE,217.53,9.53,208.0
BOND DISTRIBUTING CO,BEER,216.3,0.64,215.66
FILIBUSTER BARRELS LLC,LIQUOR,213.94,197.94,16.0
VICTORY BREWING COMPANY LLC,KEGS,212.0,0.0,212.0
CELICAR LLC DBA TWIN VALLEY DISTILLERS,LIQUOR,211.85,210.85,1.0
KATCEF BROTHERS INC,KEGS,209.0,0.0,209.0
THE VINERY LLC,WINE,204.63,49.13,155.5
SAZERAC CO,WINE,202.7,114.78,87.92
NICKOLAS IMPORTS LLC,WINE,201.64,1.6400000000000001,200.0
SOKOL BLOSSER LTD,WINE,200.7,162.7,38.0
FN CELLARS LLC,WINE,197.61,94.94,102.67
CAPE STARZ WINE LLC,WINE,184.82,27.82,157.0
NICHE IMPORTERS,LIQUOR,184.64,184.64,0.0
AMERICAN BEVERAGE CORPORATION,NON-ALCOHOL,182.76,153.76,29.0
REMY COINTREAU USA,WINE,181.77,144.77,37.0
LANTERNA DISTRIBUTORS INC,LIQUOR,179.62,11.290000000000001,168.32999999999998
BOSTON BEER CORPORATION,LIQUOR,177.07,153.07,24.0
PARALLEL WORLD BREWING COMPANY,BEER,176.78,176.78,0.0
E M D SALES INC,LIQUOR,175.31,52.31,123.0
WILSON DANIELS LTD,WINE,174.18,157.18,17.0
PARAGON VINEYARD CO INC,WINE,171.85,9.93,161.92
DRAGON DISTILLERY LLC,LIQUOR,161.4,161.4,0.0
HOTALING & CO LLC,NON-ALCOHOL,161.07999999999998,158.07999999999998,3.0
SPAINS BEST BEERS INC,BEER,159.25,13.25,146.0
TAPWINES,WINE,159.0,0.0,159.0
AZIZ SHAFI TANNIC TONGUE,WINE,155.79,1.96,153.83
RIGHT FORWARD LLC,BEER,155.75,0.0,155.75
VINTAGE WINES INC,WINE,152.59,19.59,133.0
WILLIAMS CORNER WINE,WINE,152.48,0.48,152.0
DOGFISH HEAD DISTILLERY LLC,LIQUOR,152.39,118.39,34.0
MASS BAY BREWING CO,KEGS,152.0,0.0,152.0
BROOKEVILLE BREWING LLC,BEER,149.77,149.77,0.0
SIDNEY-FRANK IMPORTING CO,LIQUOR,147.25,123.25,24.0
STELLAR IMPORTING CO LLC,WINE,146.55,132.55,14.0
TI BEVERAGE GROUP LTD,WINE,144.42,48.59,95.83
PWSWN INC,LIQUOR,143.49,142.49,1.0
CRAFT WINE & SPIRITS OF MARYLAND LLC,WINE,140.97,0.97,140.0
GAMBRINUS,KEGS,138.0,0.0,138.0
VIN DIVINO LTD,LIQUOR,137.9,136.9,1.0
PRESTIGE BEVERAGE GROUP OF MD LLC,BEER,136.0,19.04,116.96000000000001
ROYAL WINE CORP,BEER,136.0,0.0,136.0
CANTINIERE IMPORTS & DISTRIBUTING INC,WINE,135.81,2.81,133.0
MADIDUS LLC,BEER,130.67,1.75,128.92
THE RIVER WINE,WINE,128.77,3.77,125.0
PRECEPT BRANDS LLC,WINE,128.7,4.7,124.0
LEGACY PARTNERS DISTRIBUTION LLC,LIQUOR,121.75,117.75,4.0
MEXCOR INTERNATIONAL,LIQUOR,121.61,16.61,105.0
STARR HILL BREWERY LLC,KEGS,121.0,0.0,121.0
CONSTANTINE WINES INC,LIQUOR,119.78999999999999,70.96,48.83
DANGEROUS WINE GROUP LLC,WINE,113.94,11.940000000000001,102.0
VERMONT HARD CIDER COMPANY LLC,KEGS,113.0,0.0,113.0
DUVEL MOORTGAT USA LTD,KEGS,108.0,0.0,108.0
HOUTON PURVEYORS LLC,WINE,106.0,0.0,106.0
KYSELA PERE ET FILS LTD,KEGS,105.0,0.0,105.0
GRAPES & BARLEY LLC,BEER,104.3,47.3,57.0
KATCEF BROTHERS INC,LIQUOR,102.89,102.89,0.0
MCNEILL INDEPENDENT SPIRIT CREATORS LLC,LIQUOR,102.78,102.78,0.0
EASTERN LIQUOR DISTRIBUTORS INC,WINE,101.13,29.13,72.0
THE BROOKLYN BREWERY CORPORATION,KEGS,101.0,0.0,101.0
TROEGS BREWING COMPANY,KEGS,101.0,0.0,101.0
CARROLL CREEK WHISKEY LLC,LIQUOR,100.01,100.01,0.0
CASA CHIRICO LLC,WINE,98.0,0.0,98.0
BANVILLE & JONES WINE MERCHANTS,BEER,96.45,49.45,47.0
ROBERT GIRAUD,WINE,95.48,91.48,4.0
SUGARLOAF MOUNTAIN SUNLIGHT VINEYARD LLC,WINE,95.38,83.38,12.0
AMERICAN FIDELITY TRADING,LIQUOR,94.7,79.7,15.0
AMERICAN BEVERAGE CORPORATION,WINE,94.69,47.69,47.0
LYON DISTILLING COMPANY LLC,LIQUOR,94.16,90.16,4.0
TERRAPIN BEER COMPANY,KEGS,87.0,0.0,87.0
BREWDOG BREWING COMPANY LLC,BEER,87.0,0.0,87.0
AMERICAN FIDELITY TRADING,BEER,87.0,3.0,84.0
VINTURE WINE COMPANY LLC,WINE,86.61,9.61,77.0
BBL INC,KEGS,82.0,0.0,82.0
DMV DISTRIBUTING LLC,LIQUOR,81.6,80.6,1.0
ADAMBA IMPORTS INTL,LIQUOR,80.86,78.86,2.0
EVEREST SPIRITS LLC,LIQUOR,80.47,80.47,0.0
KATCEF BROTHERS INC,WINE,77.96000000000001,0.0,77.96000000000001
MOUNT DEFIANCE CIDERY & DISTILLERY LLC,LIQUOR,77.78,77.78,0.0
WILLIAM HARRISON IMPORTS,WINE,76.99,41.99,35.0
SMT AQUISITIONS LLC,WINE,76.66,29.66,47.0
BOND DISTRIBUTING CO,KEGS,74.0,0.0,74.0
SUTTER HOME WINERY INC,NON-ALCOHOL,73.75,5.75,68.0
INFINIUM SPIRITS INC,WINE,73.61,65.61,8.0
SCOPERTA IMPORTING COMPANY INC,WINE,72.05,14.05,58.0
"GF WINES, LLC DBA GARY FARRELL WINERY",WINE,71.03999999999999,46.04,25.0
MHW LTD,KEGS,70.0,0.0,70.0
GEORGIAN HOUSE OF GREATER WASHINGTON,WINE,64.43,15.43,49.0
DOMAINE SELECT WINE & SPIRITS LLC,WINE,61.6,18.68,42.92
CLASSIC WINE IMPORTS INC DBA VISION WINE,WINE,61.15,50.15,11.0
STEFANO INCORPORATED,BEER,61.0,1.0,60.0
BACCHUS IMPORTERS LTD,BEER,61.0,9.0,52.0
SIMON N CELLARS LLC,WINE,59.77,9.77,50.0
BINDING BRAUEREI USA INC,KEGS,59.0,0.0,59.0
FOWLES WINE USA INC,WINE,58.19,1.1900000000000002,57.0
NOVELTY MD INC,LIQUOR,56.25,53.25,3.0
AZABU DISTILLING CO LLC,LIQUOR,56.02,56.02,0.0
VINTUS LLC,WINE,55.61,52.61,3.0
BITTERMILK LLC,NON-ALCOHOL,54.76,54.76,0.0
CAMPARI AMERICA LLC,WINE,53.980000000000004,47.980000000000004,6.0
SOVEREIGN BRANDS LLC,LIQUOR,52.16,52.16,0.0
ROBERT OATLEY,WINE,51.77,2.7699999999999996,49.0
BANFI PRODUCTS CORP,LIQUOR,50.69,49.69,1.0
Z WINE GALLERY IMPORTS LLC,WINE,49.4,19.4,30.0
BOLD ROCK PARTNERS LP,KEGS,49.0,0.0,49.0
MONOCACY BREWING CO LLC,BEER,48.0,10.0,38.0
THE SANDY BOTTOM ENTERPRISES LLC,LIQUOR,47.1,47.1,0.0
CONSTANTINE WINES INC,BEER,47.0,0.0,47.0
GROTH VINEYARDS & WINERY,WINE,46.39,42.39,4.0
WASHBURN WINE CO,LIQUOR,46.2,38.2,8.0
TENTH HARVEST LLC,WINE,43.79,1.79,42.0
SOVEREIGN BRANDS LLC,WINE,43.72,29.89,13.83
DISARONNO INTERNATIONAL LLC,WINE,43.09,43.09,0.0
LA ISLA CORPORATION,WINE,42.41,0.49,41.92
ST GEORGE SPIRITS INC,LIQUOR,42.19,42.19,0.0
CHASSEUR WINE LLC,WINE,42.0,1.0,41.0
OENOS LLC,WINE,40.88,0.88,40.0
PLATA WINE PARTNERS LLC,WINE,40.13,2.13,38.0
RAPP CAPITAL LLC,WINE,39.98,14.98,25.0
MADIDUS LLC,WINE,38.87,1.87,37.0
WINERY EXCHANGE INC,WINE,38.24,0.24,38.0
PAMPA BEVERAGES LLC DBA TRANSNATIONAL SU,BEER,37.0,1.0,36.0
FRANK LIN MD,LIQUOR,36.1,36.1,0.0
MONSIEUR TOUTON SELECTION,LIQUOR,35.49,8.49,27.0
E & J GALLO WINERY,BEER,35.04,11.040000000000001,24.0
MOUNT DEFIANCE CIDERY & DISTILLERY LLC,WINE,34.07,34.07,0.0
WETTEN IMPORTERS INC,KEGS,32.0,0.0,32.0
PWSWN INC,BEER,32.0,0.0,32.0
ZURENA LLC,NON-ALCOHOL,31.28,31.28,0.0
DESCHUTES BREWERY INC,KEGS,31.0,0.0,31.0
OCEAN CITY BREWING CO LLC,LIQUOR,30.78,30.78,0.0
BACKUP BEVERAGE,WINE,28.0,0.0,28.0
REPUBLIC RESTORATIVES,LIQUOR,27.830000000000002,21.830000000000002,6.0
THREE HENS LLC T/A TENTH HARVEST,WINE,27.82,6.82,21.0
REGAL WINE IMPORTS INC,WINE,27.5,0.0,27.5
RELIABLE CHURCHILL LLLP,KEGS,27.0,0.0,27.0
DOMAINE SELECT WINE & SPIRITS LLC,LIQUOR,26.39,26.39,0.0
PUNTO VINO LLC,BEER,26.0,0.0,26.0
VIGNOBLES LVDH USA INC,LIQUOR,25.67,25.67,0.0
GJS SALES INC,BEER,25.0,0.0,25.0
BASQUE BAR LLC,KEGS,25.0,0.0,25.0
ALLIED IMPORTERS USA LTD,WINE,24.0,0.0,24.0
PALM BAY IMPORTS,LIQUOR,23.43,23.43,0.0
USA WINE WEST LLC,WINE,23.31,6.3100000000000005,17.0
VINIFERA DISTRIBUTING OF MARYLAND INC,WINE,22.91,0.91,22.0
PUNTO VINO LLC,LIQUOR,22.86,1.86,21.0
BACCHUS IMPORTERS LTD,NON-ALCOHOL,22.84,18.84,4.0
CHARM CITY BEVERAGE LLC,BEER,22.0,0.0,22.0
MARQUEE SELECTIONS LLC,WINE,22.0,0.0,22.0
SPLINTER GROUP NAPA LLC,LIQUOR,21.65,21.65,0.0
LAIRD AND COMPANY,WINE,20.52,2.52,18.0
INTERNATIONAL CELLARS LLC,LIQUOR,20.33,17.33,3.0
RIGHT FORWARD LLC,KEGS,20.0,0.0,20.0
AIKO IMPORTERS INC,WINE,19.73,14.73,5.0
ATLANTIC WINE & SPIRITS,WINE,19.71,8.71,11.0
GRAPES OF SPAIN INC,LIQUOR,18.0,0.0,18.0
GRAPES & BARLEY LLC,KEGS,18.0,0.0,18.0
GRAIL POINT BREWERY LLC,KEGS,17.0,0.0,17.0
SNR HOLDINGS LLC,WINE,16.759999999999998,16.759999999999998,0.0
CLASSIC WINE IMPORTS INC DBA VISION WINE,NON-ALCOHOL,15.8,15.8,0.0
INTERNATIONAL SPIRITS & WINES LLC,WINE,15.7,15.7,0.0
FAR NIENTE WINERY INC,WINE,15.59,11.59,4.0
FRITZ IMPORTS LLC,LIQUOR,15.37,15.37,0.0
SCHEID VINEYARDS CALIFORNIA INC,WINE,15.0,0.0,15.0
WITH MALUS AFORETHOUGHT LLC,BEER,15.0,0.0,15.0
SAWM IMPORTS LLC,WINE,14.280000000000001,2.2800000000000002,12.0
"THE COUNTRY VINTNER, LLC DBA WINEBOW",NON-ALCOHOL,14.22,5.22,9.0
MADIDUS LLC,KEGS,14.0,0.0,14.0
MARKERS EDGE LLC,BEER,14.0,0.0,14.0
STOLI GROUP (USA) LLC,WINE,12.98,7.9799999999999995,5.0
ALLIED IMPORTERS USA LTD,LIQUOR,12.520000000000001,12.520000000000001,0.0
MOUNT DEFIANCE CIDERY & DISTILLERY LLC,BEER,12.32,1.32,11.0
A VINTNERS SELECTIONS,NON-ALCOHOL,12.23,12.23,0.0
KYSELA PERE ET FILS LTD,LIQUOR,11.8,11.8,0.0
A&E INC,WINE,11.49,11.49,0.0
PIPE CREEK WINES LLC,BEER,11.0,0.0,11.0
LABATT USA OPERATING CO LLC,KEGS,11.0,0.0,11.0
DIAGEO NORTH AMERICA INC,WINE,10.18,10.18,0.0
BANVILLE & JONES WINE MERCHANTS,KEGS,10.0,0.0,10.0
LINNE CALODO INC,WINE,10.0,0.0,10.0
CROOK & MARKER LLC,BEER,10.0,0.0,10.0
GRAND ENCLOS DU CHATEAU DE CERONS,WINE,9.280000000000001,9.280000000000001,0.0
MESOZOIC TECHNOLOGIES LLC,WINE,8.57,0.5700000000000001,8.0
NIEBAUM COPPOLA ESTATE WINERY LP,WINE,8.53,4.53,4.0
GRAPES & BARLEY LLC,LIQUOR,8.0,0.0,8.0
ARCHER ROOSE LLC,WINE,8.0,0.0,8.0
NICKOLAS IMPORTS LLC,BEER,8.0,0.0,8.0
ELITE WINES IMPORTS,LIQUOR,8.0,0.0,8.0
RSL HOLDINGS INC,WINE,8.0,0.0,8.0
AW DIRECT LLC,WINE,7.27,7.27,0.0
NICKOLAS IMPORTS LLC,LIQUOR,6.99,6.99,0.0
MONDO VINO,WINE,6.84,6.84,0.0
ARIS A ZISSIS,WINE,6.68,6.68,0.0
ALTITUDE SPIRITS INC,LIQUOR,6.17,6.17,0.0
NOBLE VINTNERS INC,WINE,6.16,6.16,0.0
ROBERT KACHER SELECTIONS LLC,WINE,6.05,6.05,0.0
WARSTEINER IMPORTERS,KEGS,6.0,0.0,6.0
FIOR DI SOLE LLC,WINE,6.0,0.0,6.0
CHEF SOUS LLC,NON-ALCOHOL,5.95,5.95,0.0
TOBACCO BARN DISTILLERY,LIQUOR,5.76,5.76,0.0
WASHBURN WINE CO,NON-ALCOHOL,5.71,3.71,2.0
SUBARASHII KUDAMONO CO INC,LIQUOR,5.6000000000000005,5.6000000000000005,0.0
SOUTHERN WINE & SPIRITS OF MARYLAND,WINE,5.59,3.5900000000000003,2.0
CLASSIC WINE IMPORTS INC,LIQUOR,5.43,5.43,0.0
SUGARLOAF MOUNTAIN VINEYARD LLC,WINE,5.16,5.16,0.0
RED MOUNTAIN DISTILLING AND SPIRITS LLC,LIQUOR,5.08,5.08,0.0
SANGLIER SELECTIONS LLC,WINE,5.0,5.0,0.0
BREWDOG BREWING COMPANY LLC,KEGS,5.0,0.0,5.0
PREMIUM DISTRIBUTORS OF MARYLAND,KEGS,5.0,0.0,5.0
FAROPIAN SPIRITS LTD,WINE,4.16,0.16,4.0
WINEBOW INC,WINE,4.05,1.05,3.0
RED MOUNTAIN DISTILLING & SPIRITS LLC,LIQUOR,4.0,4.0,0.0
FREE RUN WINE MERCHANTS LLC,BEER,4.0,0.0,4.0
INTERBALT PRODUCTS CORP,KEGS,4.0,0.0,4.0
A I G WINE & SPIRITS,LIQUOR,3.71,3.71,0.0
LOOK VODKA LLC,WINE,3.6,3.6,0.0
8 VINI INC,WINE,3.53,2.5300000000000002,1.0
SMITH-ANDERSON ENTERPRISES INC,WINE,3.1300000000000003,3.1300000000000003,0.0
INTERBALT PRODUCTS CORP,NON-ALCOHOL,3.0,0.0,3.0
BARREL ONE INC,WINE,3.0,0.0,3.0
FREDERICK P WINNER LTD,KEGS,3.0,0.0,3.0
FIVE GRAPES LLC,KEGS,3.0,0.0,3.0
MONOCACY BREWING CO LLC,KEGS,3.0,0.0,3.0
FLAVOR SEEKERS LLC,WINE,2.8400000000000003,2.8400000000000003,0.0
SPADA ENTERPRISES INC,WINE,2.75,2.75,0.0
AMERICAN VINTAGE BEVERAGE INC,LIQUOR,2.72,2.72,0.0
CHATEAU DIANA LLC,WINE,2.7199999999999998,0.72,2.0
MERRYVALE VINEYARDS,WINE,2.64,2.64,0.0
BASIGNANI WINERY,WINE,2.37,2.37,0.0
HEIMBUCH ESTATE VINEYARDS AND WINERY LLC,WINE,2.02,2.02,0.0
LANTERNA DISTRIBUTORS INC,BEER,2.0,0.0,2.0
SWEETWATER BREWING COMPANY LLC,KEGS,2.0,0.0,2.0
A VINTNERS SELECTIONS,BEER,2.0,0.0,2.0
BANVILLE & JONES WINE MERCHANTS,LIQUOR,2.0,0.0,2.0
SUTTER HOME WINERY INC,LIQUOR,1.84,1.84,0.0
ORGANIC VINTNERS INC,WINE,1.72,1.72,0.0
FREDERICK P WINNER LTD,LIQUOR,1.69,1.69,0.0
WINEBOW INC,LIQUOR,1.35,1.35,0.0
A&W BORDERS LLC,WINE,1.3,1.3,0.0
SOUTHERN WINE & SPIRITS OF MARYLAND,LIQUOR,1.19,1.19,0.0
D'AQUINO ITALIAN IMPORTING CO INC,WINE,1.17,0.17,1.0
PATERNO IMPORTS LTD,LIQUOR,1.17,1.17,0.0
VINTAGE VIRGINIA APPLES,WINE,1.16,0.16,1.0
FIORE WINERY,WINE,1.16,0.16,1.0
FREELANCE WINES LLC,WINE,1.0,0.0,1.0
CALVERT BREWING COMPANY,BEER,1.0,0.0,1.0
"THE COUNTRY VINTNER, LLC DBA WINEBOW",BEER,1.0,0.0,1.0
TAP26MD LLC,KEGS,1.0,0.0,1.0
FREE RUN WINE MERCHANTS LLC,LIQUOR,1.0,0.0,1.0
DISTRICT CIDER COMPANY INC,KEGS,1.0,0.0,1.0
SOUTHERN GLAZERS WINE AND SPIRITS,BEER,1.0,0.0,1.0
CHEERS DISTRIBUTING INC,WINE,0.97,0.97,0.0
CHADDSFORD WINERY LTD,WINE,0.8200000000000001,0.8200000000000001,0.0
USA WINE IMPORTS,WINE,0.65,0.65,0.0
SABLE RIDGE VINEYARD LLC,WINE,0.64,0.64,0.0
NICE LEGS LLC,WINE,0.64,0.64,0.0
MAISON JOMERE LTD,LIQUOR,0.64,0.64,0.0
MEIOMI,WINE,0.58,0.58,0.0
DREYFUS ASHBY INC,WINE,0.57,0.57,0.0
A HARDY USA LTD,LIQUOR,0.56,0.56,0.0
Default,WINE,0.51,0.51,0.0
WEIN-BAUER INC,WINE,0.49,0.49,0.0
WHITE ROCK DISTILLERS INC,LIQUOR,0.4,0.4,0.0
BORVIN BEVERAGE,WINE,0.32,0.32,0.0
VOLUBILIS IMPORTS INC,WINE,0.24,0.24,0.0
GATOR RON'S LLC,NON-ALCOHOL,0.17,0.17,0.0
URUGUAY IMPORTS LTD,WINE,0.17,0.17,0.0
ONE EIGHT DISTILLING LLC,LIQUOR,0.17,0.17,0.0
DCD ENTERPRISES LLC,WINE,0.16,0.16,0.0
BLACK ANKLE VINEYARDS LLC,WINE,0.08,0.08,0.0
G GAUTHIER CELLARS INC,WINE,0.08,0.08,0.0
THE DOG BEVERAGE CO INC,BEER,0.04,0.04,0.0
WILLIAM GRANT AND SONS INC,WINE,0.0,0.0,0.0
SIDNEY-FRANK IMPORTING CO,WINE,0.0,0.0,0.0
HAMCO DC,STR_SUPPLIES,0.0,0.0,0.0
PACIFIC RIM WINEMAKERS,WINE,0.0,0.0,0.0
KAHN PAPER COMPANY INC,STR_SUPPLIES,0.0,0.0,0.0
