YEAR,MONTH,ITEM TYPE,RETAIL_SALES,WAREHOUSE_SALES,RETAIL_TRANSFERS,TOTAL_SALES,TXN_COUNT
2017,6,BEER,27862.920000000002,326196.94,28864.42,354059.86,1757
2017,6,KEGS,0.0,6240.0,0.0,6240.0,480
2017,6,LIQUOR,35038.35,4371.68,33297.2,39410.03,2926
2017,6,NON-ALCOHOL,1209.23,1343.75,1266.17,2552.98,71
2017,6,REF,30.599999999999998,0.0,49.0,30.599999999999998,3
2017,6,STR_SUPPLIES,89.22,0.0,302.74,89.22,12
2017,6,WINE,33124.64,47707.46,30924.81,80832.1,8330
2017,7,BEER,27156.86,271963.37,25045.37,299120.23,1673
2017,7,KEGS,0.0,5234.0,-1.0,5234.0,432
2017,7,LIQUOR,33255.13,3345.68,32681.89,36600.81,2878
2017,7,NON-ALCOHOL,1222.45,1085.0,1147.34,2307.45,69
2017,7,REF,67.42,0.0,13.0,67.42,3
2017,7,STR_SUPPLIES,77.86,0.0,452.96000000000004,77.86,13
2017,7,WINE,30726.08,41775.41,29649.02,72501.49,7897
2017,8,BEER,23026.13,329373.43,25734.67,352399.56,1749
2017,8,KEGS,0.0,6169.0,0.0,6169.0,519
2017,8,LIQUOR,32183.14,3841.43,31910.7,36024.57,2900
2017,8,NON-ALCOHOL,1091.28,1221.75,1110.16,2313.0299999999997,67
2017,8,REF,19.54,0.0,18.0,19.54,3
2017,8,STR_SUPPLIES,77.34,0.0,357.0,77.34,13
2017,8,WINE,30708.03,48243.37,30340.9,78951.4,8308
2017,9,BEER,23852.76,258339.23,21490.18,282191.99,1680
2017,9,KEGS,0.0,5359.0,0.0,5359.0,446
2017,9,LIQUOR,32525.7,3312.43,31597.49,35838.13,2902
2017,9,NON-ALCOHOL,997.11,998.1700000000001,930.61,1995.28,72
2017,9,REF,38.88,0.0,9.0,38.88,5
2017,9,STR_SUPPLIES,94.64,0.0,354.0,94.64,12
2017,9,WINE,32933.73,43540.45,31537.1,76474.18,8229
2017,10,BEER,22541.16,254986.61,22476.76,277527.77,1756
2017,10,KEGS,0.0,5533.0,0.0,5533.0,450
2017,10,LIQUOR,32489.21,3660.84,34711.95,36150.05,2947
2017,10,NON-ALCOHOL,945.63,1049.92,988.59,1995.55,70
2017,10,REF,22.82,0.0,12.0,22.82,5
2017,10,STR_SUPPLIES,84.38,0.0,388.0,84.38,13
2017,10,WINE,33084.6,46444.04,34433.67,79528.64,8347
2017,11,BEER,23338.23,279494.12,25858.78,302832.35000000003,1874
2017,11,KEGS,0.0,5675.0,0.0,5675.0,444
2017,11,LIQUOR,35522.44,3848.56,36678.62,39371.0,3010
2017,11,NON-ALCOHOL,1005.19,1105.17,952.24,2110.36,73
2017,11,REF,63.11,0.0,8.92,63.11,5
2017,11,STR_SUPPLIES,106.06,0.0,391.0,106.06,11
2017,11,WINE,38271.97,56933.81,39328.4,95205.78,9073
2017,12,BEER,28822.16,250508.38,24978.53,279330.54,1791
2017,12,KEGS,0.0,4842.0,0.0,4842.0,418
2017,12,LIQUOR,49507.71,3420.93,45252.17,52928.64,3118
2017,12,NON-ALCOHOL,1316.44,945.75,1128.42,2262.19,73
2017,12,REF,41.21,0.0,29.0,41.21,5
2017,12,STR_SUPPLIES,439.64,0.0,918.0,439.64,14
2017,12,WINE,51384.15,53994.49,48738.39,105378.64,9023
2018,1,BEER,16604.67,209101.89,20658.55,225706.56,1700
2018,1,KEGS,0.0,5068.0,0.0,5068.0,430
2018,1,LIQUOR,28579.88,3331.93,25708.64,31911.81,3012
2018,1,NON-ALCOHOL,732.25,1077.71,757.52,1809.96,71
2018,1,REF,23.660000000000004,0.0,13.0,23.660000000000004,5
2018,1,STR_SUPPLIES,56.94,0.0,181.96,56.94,11
2018,1,WINE,29786.55,41654.38,27065.55,71440.93,8077
2018,2,BEER,18638.02,216593.68,17664.72,235231.7,1739
2018,2,KEGS,0.0,4730.0,0.0,4730.0,406
2018,2,LIQUOR,28723.91,3319.85,29185.88,32043.76,2935
2018,2,NON-ALCOHOL,812.84,914.5,893.66,1727.34,79
2018,2,REF,41.52,0.0,20.0,41.52,3
2018,2,STR_SUPPLIES,47.76,0.0,409.0,47.76,10
2018,2,WINE,29382.13,44359.57,30860.35,73741.7,7885
2019,1,BEER,17113.74,232200.45,19257.97,249314.19,1741
2019,1,KEGS,0.0,4577.0,0.0,4577.0,416
2019,1,LIQUOR,29227.31,3913.06,28149.11,33140.37,2675
2019,1,NON-ALCOHOL,889.82,1102.25,1003.68,1992.07,79
2019,1,REF,30.75,0.0,12.0,30.75,4
2019,1,STR_SUPPLIES,89.95,0.0,361.92,89.95,20
2019,1,WINE,28744.48,45065.48,27506.12,73809.96,7435
2019,2,BEER,19011.35,200485.05,16358.38,219496.4,1711
2019,2,KEGS,0.0,4444.0,0.0,4444.0,428
2019,2,LIQUOR,29814.58,3605.33,27186.36,33419.91,2589
2019,2,NON-ALCOHOL,972.43,891.0,806.46,1863.43,77
2019,2,REF,26.35,0.0,5.0,26.35,4
2019,2,STR_SUPPLIES,90.3,0.0,403.0,90.3,17
2019,2,WINE,30194.9,44173.47,27655.36,74368.37,7428
2019,3,BEER,20782.07,239808.73,22181.85,260590.8,1752
2019,3,KEGS,0.0,5605.0,0.0,5605.0,423
2019,3,LIQUOR,32150.33,4502.92,34663.71,36653.25,2624
2019,3,NON-ALCOHOL,1065.75,1065.13,1159.0,2130.88,77
2019,3,REF,19.95,0.0,13.0,19.95,5
2019,3,STR_SUPPLIES,99.01,0.0,361.0,99.01,18
2019,3,WINE,30298.46,48008.44,32942.05,78306.9,7756
2019,4,BEER,20524.97,246461.19,21679.38,266986.16,1784
2019,4,KEGS,0.0,5226.0,0.0,5226.0,424
2019,4,LIQUOR,29715.44,4491.78,30485.38,34207.22,2588
2019,4,NON-ALCOHOL,993.85,1011.42,1039.12,2005.27,78
2019,4,REF,22.62,0.0,16.0,22.62,4
2019,4,STR_SUPPLIES,94.71000000000001,0.0,340.0,94.71000000000001,18
2019,4,WINE,28963.68,47689.48,30061.02,76653.16,7789
2019,5,BEER,27905.13,321526.33,24966.79,349431.46,1805
2019,5,KEGS,0.0,5861.0,0.0,5861.0,449
2019,5,LIQUOR,34571.46,5421.93,32482.97,39993.39,2595
2019,5,NON-ALCOHOL,1302.34,1255.34,1170.46,2557.68,83
2019,5,REF,22.400000000000002,0.0,23.0,22.400000000000002,4
2019,5,STR_SUPPLIES,116.21,0.0,408.0,116.21,18
2019,5,WINE,31034.8,55338.48,29003.58,86373.28,7974
2019,6,BEER,27867.04,293541.54,27008.42,321408.58,1787
2019,6,KEGS,0.0,5365.0,0.0,5365.0,432
2019,6,LIQUOR,33495.36,5025.33,31444.51,38520.69,2592
2019,6,NON-ALCOHOL,1256.66,1159.42,1268.29,2416.08,80
2019,6,REF,24.630000000000003,298.0,10.0,322.63,4
2019,6,STR_SUPPLIES,136.53,0.0,597.0,136.53,22
2019,6,WINE,28081.06,46556.96,25411.51,74638.02,7379
2019,7,BEER,28775.86,322464.16,32237.48,351240.02,1866
2019,7,KEGS,0.0,5361.0,0.0,5361.0,440
2019,7,LIQUOR,33017.61,4590.5,36612.02,37608.11,2572
2019,7,NON-ALCOHOL,1323.96,1360.46,1456.67,2684.42,85
2019,7,REF,28.15,0.0,20.0,28.15,2
2019,7,STR_SUPPLIES,112.46000000000001,0.0,582.0,112.46000000000001,19
2019,7,WINE,27484.68,47348.28,30572.17,74832.96,7487
2019,8,BEER,27102.68,304186.9,27087.25,331289.58,1872
2019,8,KEGS,0.0,5271.0,0.0,5271.0,440
2019,8,LIQUOR,33625.19,4501.42,32838.7,38126.61,2535
2019,8,NON-ALCOHOL,1303.57,1250.71,1307.0,2554.28,90
2019,8,REF,21.95,0.0,8.0,21.95,3
2019,8,STR_SUPPLIES,110.17,0.0,459.0,110.17,18
2019,8,WINE,28429.25,47475.31,27168.75,75904.56,7425
2019,9,BEER,23751.579999999998,269261.39,24568.92,293012.97000000003,1782
2019,9,KEGS,0.0,4954.0,0.0,4954.0,440
2019,9,LIQUOR,30377.29,4125.08,30638.09,34502.37,2523
2019,9,NON-ALCOHOL,1031.3700000000001,988.88,1022.0,2020.25,84
2019,9,REF,17.729999999999997,0.0,28.0,17.729999999999997,2
2019,9,STR_SUPPLIES,126.44,0.0,611.0,126.44,17
2019,9,WINE,26814.73,44159.0,27246.36,70973.73,7548
2019,10,BEER,23500.15,288670.53,21778.0,312170.68,1897
2019,10,KEGS,0.0,5659.0,0.0,5659.0,471
2019,10,LIQUOR,33122.71,5129.26,34970.68,38251.97,2584
2019,10,NON-ALCOHOL,1854.72,1020.6700000000001,990.0,2875.39,84
2019,10,REF,21.91,0.0,25.0,21.91,3
2019,10,STR_SUPPLIES,143.31,0.0,387.0,143.31,21
2019,10,WINE,29585.94,55825.07,30271.91,85411.01,7996
2019,11,BEER,26085.37,242524.68,23102.75,268610.05,1763
2019,11,KEGS,0.0,4820.0,0.0,4820.0,406
2019,11,LIQUOR,37932.02,4196.01,37583.58,42128.03,2629
2019,11,NON-ALCOHOL,1990.34,1027.63,994.0,3017.97,89
2019,11,REF,23.61,0.0,20.0,23.61,3
2019,11,STR_SUPPLIES,157.42,0.0,869.0,157.42,21
2019,11,WINE,35435.23,51823.12,34584.42,87258.35,7913
2020,1,BEER,18240.72,231519.37,20607.0,249760.09,1696
2020,1,KEGS,0.0,5202.0,0.0,5202.0,402
2020,1,LIQUOR,29345.56,4503.05,29330.81,33848.61,2527
2020,1,NON-ALCOHOL,1471.81,1075.67,1034.75,2547.48,87
2020,1,REF,16.1,0.0,25.0,16.1,1
2020,1,STR_SUPPLIES,153.43,0.0,344.0,153.43,24
2020,1,WINE,25090.77,48165.96,24652.79,73256.73,7223
2020,3,BEER,30327.920000000002,264127.14,31048.0,294455.06,1700
2020,3,KEGS,0.0,2628.0,0.0,2628.0,307
2020,3,LIQUOR,40648.27,2455.6,42220.4,43103.87,2446
2020,3,NON-ALCOHOL,2126.82,970.21,1582.0,3097.03,84
2020,3,REF,22.08,0.0,0.0,22.08,1
2020,3,STR_SUPPLIES,78.53,0.0,488.0,78.53,21
2020,3,WINE,36200.38,50133.35,35266.49,86333.73,6928
2020,7,BEER,28907.28,363499.98,22575.83,392407.26,1727
2020,7,KEGS,0.0,2133.0,0.0,2133.0,205
2020,7,LIQUOR,35431.12,3049.92,32850.99,38481.04,2351
2020,7,NON-ALCOHOL,4527.57,1311.75,1665.0,5839.32,90
2020,7,REF,8.17,0.0,9.0,8.17,1
2020,7,STR_SUPPLIES,81.23,0.0,487.0,81.23,20
2020,7,WINE,25580.35,50569.85,25115.75,76150.2,6761
2020,9,BEER,22353.6,311133.05,19459.0,333486.65,1729
2020,9,KEGS,0.0,2667.0,0.0,2667.0,290
2020,9,LIQUOR,32104.54,3036.67,31996.11,35141.21,2375
2020,9,NON-ALCOHOL,2631.63,927.0,985.66,3558.63,91
2020,9,REF,8.55,0.0,3.0,8.55,1
2020,9,STR_SUPPLIES,77.34,0.0,394.0,77.34,22
2020,9,WINE,24925.19,50375.05,23992.23,75300.24,7052
